{
  "task_results": {
    "1": {
      "estimated_truth": [
        6.447224427918307,
        236.6439626523499,
        7619.993511841246,
        9.857450230726128,
        214.6185183679833,
        356.60875780113196,
        14.456908079668697,
        54.73394939013793,
        2.852079545649284
      ],
      "true_data": [
        6.467868301691497,
        236.69464808871123,
        7656.41324825941,
        9.8409485538097,
        214.4608337745459,
        356.3478418738045,
        14.412733586189232,
        54.641175534182,
        2.861063942572024
      ],
      "task_reputation": {
        "1": 5.85122785951749,
        "2": 5.848364935446774,
        "3": 5.847214776758951,
        "5": 5.849195198333023,
        "6": 5.850326076092268,
        "12": 5.850565616923551,
        "14": 5.8478623385601365,
        "15": 5.851260563565199,
        "17": 5.850251107929377,
        "20": 5.8498171025247485,
        "23": 5.848150019938062,
        "27": 5.848817680520022,
        "32": 5.848174036037677,
        "34": 5.849458286379864,
        "37": 5.849261368351874,
        "40": 5.846561537806157,
        "43": 5.8512378305160295,
        "47": 5.850884706711396,
        "49": 5.850923309971551,
        "51": 5.184352411751432,
        "53": 5.850491011822807,
        "54": 5.848507192713118,
        "61": 5.415048819442336,
        "63": 5.282264616538989,
        "64": 5.845570792932243,
        "65": 5.846115856178707,
        "69": 5.846384432040645,
        "71": 5.467733443761993,
        "76": 5.091437783351003,
        "78": 4.619399972037777,
        "82": 5.849757612710174,
        "92": 5.69923408361139,
        "93": 5.848113887049037,
        "97": 5.527663520688994,
        "99": 4.605862248085197
      },
      "iteration_history": [
        {
          "iteration": 1,
          "truth": 